Coquille de Dragoss Ardoise,-1
Poils de Kerubim,-1
Galet Lunaire,-1
Slip troué de Dramak,-1
Kouartz,-1
Broderie de Malléfisk,-1
Dent en or de Rok Gnorok,-1
Pierre du Koulosse,-1
Méga Pierre du Craqueleur Légendaire,-1
Peau de Piralak,-1
Os de Pékeualak,-1
Coquille de Dragoss Charbon,-1
Bourgeon de Pirolienne,-1
Racine d'Abraknyde Ancestral,-1
Étoffe de Choudini,-1
Laine de Dardalaine,-1
Galet cramoisi,-1
Poil de Simbadas,-1
Écorce de Liroye Merline,-1
Peau de Roukouto,-1
Carapace du Mantiscore,-1
Couteau de Roukouto,-1
Bwak Squelettique,-1
Peau de Tivelo,-1
Faux Visage de Choudini,-1
Soie Baveuse,-1
Substrat de Bosquet,-1
Globule de Nyée,-1
Œil de Cocholou,-1
Œil de Saltik,-1
Tranche Magique de Krambwork,-1
Œil du Kharnozor,-1
Globe oculaire de Musha,-1
Feuille de Blop Royal,-1
Barbe du Wa Wobot,-1
Glande d'Arak-haï,-1
Nœud de Marin,-1
Boulet de Canondorf,-1
Barbe du Chouque,-1
Canif Rouillé,-1
Substrat de Fascine,-1
Fiole de fumée de Nelween,-1
Bakélélite,-1
Tissu de Graboule,-1
Œil de Kanigrou,-1
Bâton de Blanc Pa Wabbit,-1
Œuf de Dragoeuf Calcaire,-1
Ambre d'Abraknyde Sombre,-1
Silex,-1
Boule de Boulépique,-1
Fragment d'Épée Reptilienne,-1
Os de Crocodaille,-1
Écaille de Chef Crocodaille,-1
Dent de Crocodaille,-1
Fragment de Pierre Pointue,-1
Œuf de Dragoeuf Argile,-1
Boules de Kanniboul,-1
Langue de Craquelope,-1
Étoffe de Gourlo le Terrible,-1
Peau de Koalak Immature,-1
Substrat de Futaie,-1
Humérus du Sparo,-1
Plume du Kwakwa,-1
Magnésite,-1
Dent en Or de Craqueleur,-1
Charbon,-1
Pierre du Craqueleur,-1
Étoffe du Wa Wabbit,-1
Oreille du Grand Pa Wabbit,-1
Cawotte,-1
Griffe de volkorne,-1
Aile de volkorne ebène,-1
Aile de volkorne pourpre,-1
Corne de Buffalourd,-1
Griffe de Robionicle,-1
Poisson Pané,-1
Coccyx du Corailleur,-1
Sacrum magistral,-1
Racine d'Abraknyde,-1
Substrat de Bocage,-1
Moustache de Boostache,-1
Fémur du Chafer Archer,-1
Langue d'Étoile,-1
Bulbe Kouraçao,-1
Os Surprise du Chafer Fantassin,-1
Fémur du Chafer Rōnin,-1
Pic de Prespic,-1
Étoffe du Sanglier,-1
Langue de Gargrouille,-1
Patte d'Arakne des Égouts,-1
Dent de Garglyphe,-1
Laine de Bouftou Royal,-1
Cuir de Bouftou Royal,-1
Sang de Bouftou,-1
Peau de Mob l'Éponge,-1
Fluide Glacial,-1
Écaille poisseuse,-1
Laine de Bouftou,-1
Laine de Boufton Noir,-1
Crâne de Kardorim,-1
Aluminite,-1
Crinière de Scélérat Strubien,-1
Planche Agglomérée,-1
Sporme du Champ Champ,-1
Poils d'Arakne Malade,-1
Pétale Diaphane,-1
Viande Intangible,-1
Peau de Krambwork,-1
Bandeau de Nakunbra,-1
Toile d'Abrakne Sombre,-1
Bandelettes,-1
Botte trouée de Mégabwork,-1
Chaussette trouée de Dramak,-1
Masque Brisé d'Araknotron,-1
Caleçon Mignon du Pirate,-1
Arakne Écrabouillée,-1
Fragment d'anomalie,-1
Roue de Tivelo,-1
Scalp de Bizarbwork,-1
Peau de Moon,-1
Plume de Gélikan,-1
Bourgeon d'Abraknyde Ancestral,-1
Pierre Médicinale,-1
Coquille de Dragoss Protéiforme,-1
Boomerang du Warko Marron,-1
Sable Fin,-1
Boomerang du Dok Alako,-1
Œuf de Dragoeuf Ardoise,-1
Queue de Scordion Bleu,-1
Plume du Rasboul Majeur,-1
Écailles d'Ouroboulos,-1
Écorce d'Abraknyde Vénérable,-1
Œuf de Dragoeuf Charbon,-1
Étoffe de Dok Alako,-1
Cœur du Mantiscore,-1
Étoffe de Draegnerys,-1
Kolérat Mort,-1
Boulon Wabbit,-1
Duvet de Nelween,-1
Racine d'Abraknyde Sombre,-1
Lunettes de Tiwobot,-1
Cheveux de Draegnerys,-1
Œil de Léolhyène,-1
Estomac de Black Wo Wabbit,-1
Œil de Craquelope,-1
Oreille de Foufayteur,-1
Étoffe de Foufayteur,-1
Dent de dragodinde,-1
Ongle de Kanigrou,-1
Queue de dragodinde sauvage,-1
Aile de dragodinde,-1
Aile de dragodinde dorée,-1
Graine de Scorbute,-1
Collier Cassé de Macien,-1
Crâne de Chef Crocodaille,-1
Œil de Crowneille,-1
Pic de dragodinde,-1
Morceau de caleçon de Gourlo,-1
Poudre explosive,-1
Maillot de corps de Barbroussa,-1
Pelote de laine boufcoul,-1
Fleur de Kaliptus,-1
Poils de Koalak Indigo,-1
Papatte de Croc Gland,-1
Moustache de Kolérat,-1
Pic de dragodinde dorée,-1
Coquille de Dragoeuf Charbon,-1
Queue de Black Wabbit,-1
Fleur de Blop Indigo Royal,-1
Queue de Rat d'Hyoactif,-1
Gelée à la Fraise,-1
Dent de Larve Dorée,-1
Minerai Étrange,-1
Tissu Pourpre,-1
Oreille de Médibwork,-1
Babines de Macien,-1
Grelot,-1
Peau de serpentin,-1
Crâne de Wabbit Squelette,-1
Coque Endommagée,-1
Peau de Larve Dorée,-1
Fleur de Blop Griotte Royal,-1
Fleur de Blopignon,-1
Fleur de Gloutoblop,-1
Cagoule du Kanniboul Ebil,-1
Peau de Ramane d'Égoutant,-1
Éclat du Mawabouaino,-1
Patte de Twakeuf,-1
Emballage Suspect,-1
Pompon Brunâtre,-1
Tablette Waddict,-1
Feuille de Tikoko,-1
Bulbe Morito,-1
Bandeau du Black Tiwabbit,-1
Dent de Wabbit,-1
Poil du Wa Wabbit,-1
Ailes du Scarafeuille Noir,-1
Viscères de Scarafeuille,-1
Ailes du Scarabosse Doré,-1
Slip en cuir du Chafer Lancier,-1
Miséricorde du Chafer d'Élite,-1
Corail Kouraçao,-1
Poil de Bworkette,-1
Épaulière de Bwork,-1
Livre du Bwork Mage,-1
Noix de Grokoko Traumatisée,-1
Carapace Rouge,-1
Peau de Shin Larve,-1
Sceau Royal Contrefait,-1
Peau de Bworkette,-1
Paupière d'Étoile,-1
Pince de Crustorail,-1
Dent de Shin Larve,-1
Cristal,-1
Plume Graisseuse du Tofu Ventripotent,-1
Plume de Batofu,-1
Carapace Verte,-1
Ambre d'Abraknyde,-1
Tronc de Kokoko,-1
Plume du Kwak de Glace,-1
Tranche de Nodkoko,-1
Pétale Morito,-1
Serrure du Coffre des Forgerons,-1
Bec du Kwak de Flamme,-1
Muqueuse de Moumoule,-1
Poils de Barbe du Grand Pa Wabbit,-1
Boue du Boo,-1
Main de Boo,-1
Cœur de Boue du Boo,-1
Carapace Jaune,-1
Dent de Larve Rubis,-1
Patte de Wabbit,-1
Pétale Passaoh,-1
Lamelle de Champa Marron,-1
Cuir du Cochon de Lait,-1
Patte de Kankreblath,-1
Pic de Lance de Gobet,-1
Bois de Tronknyde,-1
La cambriole pour les Nuls,-1
Longue-vue de Gob-Trotteur,-1
Œil de Tofu Noir,-1
Bronze,-1
Queue de Boostache Prépubère,-1
Canine de Gobelin,-1
Ébonite,-1
Lamelle de Champa Rouge,-1
Poupée Vaudou Jav,-1
Carniflore,-1
Lamelle de Champa Vert,-1
Estomac de Ouassingue,-1
Ailes de Scarafeuille Rouge,-1
Tissu Sombre,-1
Noisette,-1
Corail Morito,-1
Chauve-souris,-1
Patte de Tofukaz,-1
Sang de Vampire,-1
Cuir de Boostache Prépubère,-1
Boostoplasme,-1
Queue de Sanglier des Plaines,-1
Œuf Pourri,-1
Ailes de Scarafeuille Blanc,-1
Crâne de Chafer,-1
Oreille de Douzdoa,-1
Peau de Larve Orange,-1
Peau de Larve Verte,-1
Antennes de Vilinsekt,-1
Pétale Magique du Tournesol Affamé,-1
Poils de Darit,-1
Gant de Sherpoa,-1
Cuir de Bouftou Noir,-1
Patte d'Arakne Majeure,-1
Pétale de Rose Obscure,-1
Laine du Chef de Guerre Bouftou,-1
Corne de Boufton,-1
Défense du Sanglier,-1
Poils du Milimulou,-1
Feuille de Rose Obscure,-1
Casque de Martoa,-1
Étoffe d'Écurouille,-1
Laine de Ramane Strubien,-1
Pierre de Granit,-1
Cuir de Scélérat Strubien,-1
Œil d'Arakmuté,-1
Conque Marine,-1
Plume de Piou Rouge,-1
Nageoire de Compétition,-1
Champignon Luidegît,-1
Engrais,-1
Épine du Champ Champ,-1
Graine de Tournesol,-1
Coton Ancestral,-1
Substrat de Buisson,-1
Bois Vermoulu,-1
Crème à bronzer,-1
Langue d'Épouvanteur,-1
Plume de Piou Violet,-1
Plume de Piou Vert,-1
Crocs de Rats,-1
Serviette de Plage,-1
Noeul Mort,-1
Ailes de Moskito,-1
Pétale de Rose Démoniaque,-1
Fleur de Pissenlit Diabolique,-1
Bec du Tofu,-1
Pétale de Tournesol Sauvage,-1
Intestin d'Araknosé,-1
Bave de Rose Démoniaque,-1
Plume de Piou Jaune,-1
Patte d'Arakne,-1
Feuille de Tournesol Sauvage,-1
Peau de Larve Jaune,-1
Plume de Piou Bleu,-1
Feu Intérieur,-1
Volve d'Aminite,-1
Os de Chafer,-1
Cendres Éternelles,-1
Fer,-1
Peau de Gloot,-1
Ortie,-1
Bave de Bouftou,-1
Queue de Chapardam,-1
Poudre de Perlinpainpain,-1
Bois de Frêne,-1
Laine Céleste,-1
Poil de Dragon Cochon,-1
Poil de Chachachovage,-1
Dent du Kharnozor,-1
Avoine Magique,-1
Bois Ancestral,-1
Manganèse,-1
Pierre de Diamant,-1
Pierre de Rubis,-1
Pierre de Cristal,-1
Poils de Koalak Reinette,-1
Testicules de Cocholou,-1
Cuir de Porsalu,-1
Osier Enchanté,-1
Corde de Boursoin,-1
Cœur de pierre poli,-1
Groin de Dragon Cochon,-1
Peau de Don Dorgan,-1
Or,-1
Racine d'Abraknyde Vénérable,-1
Dent de Gargantûl,-1
Rhum de Qualité,-1
Cuir Violet de Mégabwork,-1
Bombe de Graboule,-1
Bec du Kido,-1
Mojo de Mergranlou,-1
Laine du Boufcoul,-1
Corne du Boufcoul,-1
Tresse du Koulosse,-1
Cervelle de Bouftou des Cavernes,-1
Casque de Wobot,-1
Queue de Fennex,-1
Plume de fesse du Kido,-1
Duvet du Kilibriss,-1
Corail usé,-1
Poil de Wobot Kiafin,-1
Pierre de Saphir,-1
Bec de Gélikan,-1
Pépite,-1
Pierre du Craqueleur Légendaire,-1
Touffe rousse du Flib,-1
Boule polie,-1
Bâton du Kilibriss,-1
Chicot du Flib,-1
Poil de Vétauran,-1
Rouage de Qil Bil,-1
Coquille de Dragoeuf Argile,-1
Tourmaline,-1
Plume de Crowneille,-1
Flamme Spectrale,-1
Courroie en cuir,-1
Bec du Kwakwa,-1
Souris verte,-1
Duvet de Bourdard,-1
Poils de Wo Wabbit,-1
Venin de Serpentin,-1
Griffe de Dragoeuf Albâtre,-1
Dent de Marzwel,-1
Manuel du Directeur Grunob,-1
Charnière Cassée,-1
Os de Wabbit Squelette,-1
Gelée Citron,-1
Coquille de Dragoeuf Ardoise,-1
Gelée à la Menthe,-1
Fibre criminelle,-1
Aile de Bourdard,-1
Fleur de Blop Coco Royal,-1
Pierre de Crystaloboule,-1
Coquille de Dragoeuf Calcaire,-1
Chaîne de Robot Fléau,-1
Poupée Vaudou Eth,-1
Racine de Tronkoblop,-1
Bulbe Malibout,-1
Bulbe Passaoh,-1
La Griffe,-1
Bec du Kwak de Terre,-1
Relique Familiale,-1
Corail Magistral,-1
Plume du Kwak de Terre,-1
Slip de Bwork Archer,-1
Poils de Black Tiwabbit,-1
Moustaches de Tiwabbit,-1
Branche de Tiwabbit Kiafin,-1
Estomac de Wo Wabbit,-1
Dent de Larve Émeraude,-1
Ver d'Air,-1
Griffes de Kwak,-1
Bourse Suspecte,-1
Os de Scalarcin,-1
Osier Sombre,-1
Poils de Barbe du Bwork Mage,-1
Peau de Raul Mops,-1
Scalp de Bwork Archer,-1
Dent de Larve Saphir,-1
Papier Charbon,-1
Touffe de Cheveux Blancs,-1
Bec du Kwak de Vent,-1
Croc de Trankilou,-1
Pom de Pin,-1
Poil d'Abrakne,-1
Fragment de Pierre Polie,-1
Plume de Thomondor,-1
Bonnet de Gobaliste,-1
Ailes de Scarafeuille Bleu,-1
Casque du Chafer Primitif,-1
Colonne Vertébrale,-1
Ailes de Scarafeuille Vert,-1
Cuir de Ouassingue,-1
Noix de Kokoko,-1
Viscères du Scarabosse Doré,-1
Mâchoire de Rib,-1
Flèche du Chafer Archer,-1
Dent de Kwoan,-1
Dent de Tofu Mutant,-1
Fragment d'Os,-1
Peau de Larve Émeraude,-1
Plume du Kwak de Flamme,-1
Bec du Kwak de Glace,-1
Plume du Kwak de Vent,-1
Œil de Pikdoa,-1
Pince de Crabe,-1
Scalp de Milimulou,-1
Lamelle de Champa Bleu,-1
Rondelles de Milirat Strubien,-1
Peau Égrotante,-1
Sourcil de Moskito,-1
Graine de Pavot,-1
Fil de Soie,-1
Plume de Piou Rose,-1
Patte d'Arakne Magique,-1
Eau Ferrugineuse,-1
Peau de Larve Bleue,-1
Relique d'Incarnam,-1
Plume Chimérique,-1
Huile de Sésame,-1
Tête de Marteau en Jade,-1
Ferrite,-1
Poils de Koalak Forestier,-1
Dents de Mulou,-1
Poils de Mulounoké,-1
Griffe de Muloubard,-1
Scalp du Meulou,-1
Kole,-1
Feuille de Fourbasse,-1
Plume de Domoizelle,-1
Poignée du Gorgouille,-1
Fragment du Gorgouille,-1
Ivoire,-1
Sternum de Chachachovage,-1
Écaille de Dragoss Charbon,-1
Fil de Néfileuse,-1
Peau de Cochon de Farle,-1
Kokopaille,-1
Œil de Crabe Hijacob,-1
Patron de Redolphe,-1
Nez-Rouge de Redolphe,-1
Flocon de Neige,-1
Poils de barbe de dragodinde,-1
Poils de Koalak Griotte,-1
Poils de Koalak Coco,-1
Griffe de Tyranne,-1
Écorce d'Abrakne Sombre,-1
Gelée Bleuet Royale,-1
Gelée Fraise Royale,-1
Gelée Citron Royale,-1
Gelée Menthe Royale,-1
Champignon,-1
Kralamoure,-1
Barbe inexistante du Barbroussa,-1
Teinture Magique de Rougeur,-1
Écaille de Crocodaille,-1
Viscères de Scorbute,-1
Baballe,-1
Pelote d'Ecaflip,-1
Peau de Larve Champêtre,-1
Nacre brute,-1
Peau de Dragoeuf Albâtre,-1
Poupée Vaudou Sarbak,-1
Peau de Rat,-1
Fleur de Blop Reinette Royal,-1
Poil de Rat d'Égoutant,-1
Cœur de Craqueleur,-1
Méga Pierre du Craqueleur,-1
Osselet de Black Wabbit Squelette,-1
Poupée Vaudou Tam,-1
Aile de volkorne orchidée,-1
Carapace Bleue,-1
Bandeau de Black Wabbit Squelette,-1
Patte de Black Wabbit,-1
Œil de Raul Mops,-1
Ours Déchiqueté,-1
Bave de muldo,-1
Moustache de muldo ebène,-1
Chaînes Brisées,-1
Sac à Patates Clair,-1
Moustache de muldo orchidée,-1
Moustache de muldo indigo,-1
Pétale Malibout,-1
Tatouage de Mauvais Garçon,-1
Ver de Feu,-1
Pétale Kouraçao,-1
Miroir de Dopeul,-1
Poudre Juvénile,-1
Jaune d'Œuf de Krokille,-1
Fausse dent de Grozilla,-1
Fumée Juvénile,-1
Boue Juvénile,-1
Cendres Juvéniles,-1
Flaque Juvénile,-1
Fourrure de Timongouste,-1
Aile de dragodinde rousse sauvage,-1
Sueur de dragodinde,-1
Lait de Tortue,-1
Casque Cassé du Chafer,-1
Griffe de Grolours,-1
Plume de Tofu,-1
Œil de Kwoan,-1
Rondelle de Bois,-1
Œuf de Tofu,-1
Étoffe Mystérieuse,-1
Aile du Tofu Maléfique,-1
Slip en Cuir Moulant du Garglyphe,-1
Ver d'Eau,-1
Ver de Terre,-1
Œil de Ramane Strubien,-1
Bananagrume,-1
Culotte de Frakacia,-1
Patron du Glutin,-1
Fond de Culotte de Glugubrr,-1
Graine de Sésame,-1
Herbe Folle,-1
Gland de Fouduglen,-1
Eau Potable,-1
Blé,-1
Duvet du Maître Corbac,-1
Crâne magique de Rate Atinée,-1
Vieux Bouquin de Rat Li,-1
Poil de Rat Brâkmarien,-1
Crinière de Rat Noir,-1
Peau de Don Duss Ang,-1
Chélicères d'Arapex,-1
Sceau Sylvestre,-1
Bourgeon explosif de Damadrya,-1
Feuille de Blop Multicolore Royal,-1
Crinière fleurie,-1
Moustache du Mufafah,-1
Joyau des Scalptaras,-1
Coiffe déchiquetée de Drakoalak,-1
Bout de Blop Coco,-1
Blop mort,-1
Bout de Blop Griotte,-1
Bout de Blop Indigo,-1
Poupée Vaudou Ark,-1
Fléau de Robot Fléau,-1
Oreille de Guerrier Mental,-1
Cachet du bizut,-1
Gelée Bleuet,-1
Élixir de Brumen,-1
Groin de Sanglier des Plaines,-1
Pièce du Puzzle de la Griffe,-1
Sueur Froide de Fantôme,-1
Sourcils de Tronknyde,-1
Cuir de Porkass,-1
Slip en cuir de Porkass,-1
Trident Cassé,-1
Écaille de Grozilla,-1
Vieille Partition,-1
Mâchoire du Chafer Draugr,-1
Pièce du Trésor du Badoul,-1
Œil Bionique,-1
Dent de Waddict,-1
Dentier du Chafer d'Élite,-1
Ambre,-1
Graine de la Discorde,-1
Oreilles du Tiwabbit,-1
Galet Saisonnier,-1
Bidule inutile,-1
Bout de Blop Reinette,-1
Trèfle à 5 feuilles,-1
Cuir de Gargrouille,-1
Estomac de Tofukaz,-1
Canine Vampiresque,-1
Cocon de Ver à Soie,-1
Paille Vampiresque,-1
Duvet de Tofoune,-1
Tambour de Gobaladée,-1
Lait de Cochon de Lait,-1
Estomac de Tofu Ventripotent,-1
Côtes de Porkass,-1
Goujon,-1
Queue emplumée du Rasboul Majeur,-1
Aile du Bitouf des Plaines,-1
Foulard de Koalak Farouche,-1
Écaille de Dragoss Ardoise,-1
Peau de Kraméléhon,-1
Fleur de Gloutovore,-1
Peau de Mandrine,-1
Plume de Dostrogo,-1
Peau de Minoskito,-1
Scalp de Mulounoké,-1
Corne de Berserkoffre,-1
Kamatrix,-1
Trame Dimensionnelle,-1
Peau de Gériatique,-1
Antenne de Trésantène,-1
Écaille de Dragoss Calcaire,-1
Short de Capoei Rat,-1
Patte de Bouledogre,-1
Ouvrage magique d'Aloevée Rate,-1
Lance de Chika Rat,-1
Poil de Rat Bontarien,-1
Crinière de Rat Blanc,-1
Moustache précieuse,-1
Dent de Molette,-1
Corne de Rhinoféroce,-1
Oreille de Bouledogre,-1
Canine de Mergranlou,-1
Étoffe du Mulou,-1
Bottes d'Hogmeiser,-1
Diamant,-1
Saphir,-1
Patte de la Gardienne des Égouts,-1
Bottes Usées d'Hogmeiser,-1
Fraise,-1
Aile de volkorne indigo,-1
Carapace vide de Crabe,-1
Pierre de Dopeul,-1
Peau de Larve Saphir,-1
Makroute Déchiqueté,-1
Peau de Larve Rubis,-1
Étoffe du Wabbit,-1
Noix de Pécan,-1
Tendon de Waccro,-1
Moustache de muldo pourpre,-1
Moustache de muldo doré,-1
Bougie du Mineur Sombre,-1
Linceul,-1
Œil d'Abrakne,-1
Corail Passaoh,-1
Os Invisible du Chafer Invisible,-1
Jus de Ouassingue,-1
Slip en cuir de Cochon de Lait,-1
Os rongé de Gobichon,-1
Côtes du Rib,-1
Tissu Invisible,-1
Corail Malibout,-1
